{"cameraMode":{"drawMode":0,"name":"Shaded","section":"Shading Mode"},"sceneLighting":true,"audioPlay":false,"sceneViewState":{"m_AlwaysRefresh":false,"showFog":true,"showSkybox":true,"showFlares":true,"showImageEffects":true,"showParticleSystems":true,"showVisualEffectGraphs":true,"m_FxEnabled":true},"in2DMode":false,"pivot":{"x":29.005020141601564,"y":3.0560684204101564,"z":61.04551696777344},"rotation":{"x":-0.0062057520262897018,"y":-0.9864971041679382,"z":0.15910004079341889,"w":-0.038470301777124408},"size":5.055018424987793,"orthographic":false}