{"cameraMode":{"drawMode":0,"name":"Shaded","section":"Shading Mode"},"sceneLighting":true,"audioPlay":false,"sceneViewState":{"m_AlwaysRefresh":false,"showFog":true,"showSkybox":true,"showFlares":true,"showImageEffects":true,"showParticleSystems":true,"showVisualEffectGraphs":true,"m_FxEnabled":true},"in2DMode":false,"pivot":{"x":29.523826599121095,"y":2.085552215576172,"z":61.408416748046878},"rotation":{"x":0.17702427506446839,"y":0.3766855299472809,"z":-0.07357750087976456,"w":0.906289279460907},"size":0.9519142508506775,"orthographic":false}