{"cameraMode":{"drawMode":0,"name":"Shaded","section":"Shading Mode"},"sceneLighting":true,"audioPlay":false,"sceneViewState":{"m_AlwaysRefresh":false,"showFog":true,"showSkybox":true,"showFlares":true,"showImageEffects":true,"showParticleSystems":true,"showVisualEffectGraphs":true,"m_FxEnabled":true},"in2DMode":false,"pivot":{"x":-14.512923240661621,"y":-16.443153381347658,"z":58.495697021484378},"rotation":{"x":0.28553688526153567,"y":-0.07206980139017105,"z":0.02153913676738739,"w":0.9554223418235779},"size":32.89533615112305,"orthographic":false}